path	source_commit	source_blob_sha1	size_bytes	exported_sha256	source_class	publication_disposition	author_attribution	license_basis	privacy_rights_review	test_level	notes
contracts/mu1440_receiver_control.h	14fd533a67e3c0f54d553a2bb4f092c4b7ae04a7	780ad3fe88f9010f2048b03e7973d5d6389f9ac7	4458	4fea64960cb31b051c37f7350409ae5d1863559634958f2af80f21ecdd572947	RECONSTRUCTED_ABI_HEADER_REVIEW	POTENTIAL_SOURCE_AFTER_RIGHTS_AND_SCAN	MHI2 Research prototype contributors (project-authored source per task attribution)	GPL-3.0-or-later per destination repository; original project code	Manual source review plus pattern scans; no secrets/personal data or copied OEM implementation bodies found	OFFLINE_SOURCE; no publication-run result available	Reconstructed declaration-level ABI header; no copied OEM implementation body.
probe/a3-credentials/mhi2_wcp_a3_credentials.c	14fd533a67e3c0f54d553a2bb4f092c4b7ae04a7	02c5b9c14311373c9258c4bf9fd6bfa3788589a3	7385	0599eba59d65485ad22adc45e981047b5e879eb59a946e02d7b47e22026e21d5	NETWORK_SECRET_INPUT_RISK	POTENTIAL_SOURCE_AFTER_RIGHTS_AND_SCAN	MHI2 Research prototype contributors (project-authored source per task attribution)	GPL-3.0-or-later per destination repository; original project code	Manual source review plus pattern scans; no secrets/personal data or copied OEM implementation bodies found	OFFLINE_SOURCE; no publication-run result available	Included source; project-authored attribution per source task; no direct third-party implementation body identified.
probe/a3-network-preflight/mhi2_wcp_a3_network_preflight.sh	14fd533a67e3c0f54d553a2bb4f092c4b7ae04a7	b63142a65e123395aa550596a1d57ef2905a30db	3525	56dc1e9ce38560e5d1f8af08cdb61266427573d7a3098d692db63315263c6b69	PROJECT_SOURCE_REVIEW	POTENTIAL_SOURCE_AFTER_RIGHTS_AND_SCAN	MHI2 Research prototype contributors (project-authored source per task attribution)	GPL-3.0-or-later per destination repository; original project code	Manual source review plus pattern scans; no secrets/personal data or copied OEM implementation bodies found	OFFLINE_SOURCE; no publication-run result available	Included source; project-authored attribution per source task; no direct third-party implementation body identified.
probe/b0-discovery/mhi2_wcp_b0_discovery.c	14fd533a67e3c0f54d553a2bb4f092c4b7ae04a7	59d3ccd5253cbf8fe3ed06574669b869ece73c71	23733	ebf289afd58098432856967f4bc0a9b1179ff87144ec58051cb6e4f86ad90294	PROJECT_SOURCE_REVIEW	POTENTIAL_SOURCE_AFTER_RIGHTS_AND_SCAN	MHI2 Research prototype contributors (project-authored source per task attribution)	GPL-3.0-or-later per destination repository; original project code	Manual source review plus pattern scans; no secrets/personal data or copied OEM implementation bodies found	OFFLINE_SOURCE; no publication-run result available	Included source; project-authored attribution per source task; no direct third-party implementation body identified.
probe/btstack-owner-hook/mhi2_btstack_owner_hook.c	14fd533a67e3c0f54d553a2bb4f092c4b7ae04a7	8244bba56ec741c4bffb2e8e0da758cbd827e5cc	7332	71bf386d8c072d701724a7908f67f966225a7d1439c15aeda5b2e56a682dbc22	PROJECT_SOURCE_REVIEW	POTENTIAL_SOURCE_AFTER_RIGHTS_AND_SCAN	MHI2 Research prototype contributors (project-authored source per task attribution)	GPL-3.0-or-later per destination repository; original project code	Manual source review plus pattern scans; no secrets/personal data or copied OEM implementation bodies found	OFFLINE_SOURCE; no publication-run result available	Included source; project-authored attribution per source task; no direct third-party implementation body identified.
probe/btstack-preload/mhi2_wcp_btstack_cycle.sh	14fd533a67e3c0f54d553a2bb4f092c4b7ae04a7	bf7423925069b022dae5e93c13561be7a8ac9649	8513	00828a9352fee1d0a3194fbae2fc21a5367a4d53664dce9a3b73e242a116296a	RUNTIME_MUTATION_HIGH_RISK	POTENTIAL_SOURCE_AFTER_RIGHTS_AND_SCAN	MHI2 Research prototype contributors (project-authored source per task attribution)	GPL-3.0-or-later per destination repository; original project code	Manual source review plus pattern scans; no secrets/personal data or copied OEM implementation bodies found	SYNTAX/HELP PATH ONLY in Makefile; suite not executed (cc unavailable)	Historical target-facing mutation script; included for review, not auto-run; no vehicle execution.
probe/btstack-preload/mhi2_wcp_btstack_overlay_down.sh	14fd533a67e3c0f54d553a2bb4f092c4b7ae04a7	a2d1a22bd39f3b36f98b7132f19fbaa05e925564	6937	4e34f9c1fe16557c9f6cc5510b30dc083bb2d8b70993c03097908b4c03ed7ad2	RUNTIME_MUTATION_HIGH_RISK	POTENTIAL_SOURCE_AFTER_RIGHTS_AND_SCAN	MHI2 Research prototype contributors (project-authored source per task attribution)	GPL-3.0-or-later per destination repository; original project code	Manual source review plus pattern scans; no secrets/personal data or copied OEM implementation bodies found	SYNTAX/HELP PATH ONLY in Makefile; suite not executed (cc unavailable)	Historical target-facing mutation script; included for review, not auto-run; no vehicle execution.
probe/btstack-preload/mhi2_wcp_btstack_overlay_up.sh	14fd533a67e3c0f54d553a2bb4f092c4b7ae04a7	144c8e50cd4e241a963b9ad27f27e722561051de	7139	494577bccaea5cec2e280b45f9ac165ced0357e254032db70c201a1fa4892feb	RUNTIME_MUTATION_HIGH_RISK	POTENTIAL_SOURCE_AFTER_RIGHTS_AND_SCAN	MHI2 Research prototype contributors (project-authored source per task attribution)	GPL-3.0-or-later per destination repository; original project code	Manual source review plus pattern scans; no secrets/personal data or copied OEM implementation bodies found	SYNTAX/HELP PATH ONLY in Makefile; suite not executed (cc unavailable)	Historical target-facing mutation script; included for review, not auto-run; no vehicle execution.
probe/btstack-preload/mhi2_wcp_btstack_wrapper.sh	14fd533a67e3c0f54d553a2bb4f092c4b7ae04a7	eaf8b91aa0848c8c61f73fb1bec319d0cf7cf65b	2855	b333a5af606d47655f1af8cac56a40d430a561dde1fffbdecbc799fd07aa452d	RUNTIME_MUTATION_HIGH_RISK	POTENTIAL_SOURCE_AFTER_RIGHTS_AND_SCAN	MHI2 Research prototype contributors (project-authored source per task attribution)	GPL-3.0-or-later per destination repository; original project code	Manual source review plus pattern scans; no secrets/personal data or copied OEM implementation bodies found	SYNTAX/HELP PATH ONLY in Makefile; suite not executed (cc unavailable)	Historical target-facing mutation script; included for review, not auto-run; no vehicle execution.
probe/btstack-preload/mhi2_wcp_control_common.sh	14fd533a67e3c0f54d553a2bb4f092c4b7ae04a7	c8778fd67acbcf660612438e317face57074f6ed	8517	4254e671c08965107c0617657b9fc68d3394f9df7d773a83c605410ca09ab922	RUNTIME_MUTATION_HIGH_RISK	POTENTIAL_SOURCE_AFTER_RIGHTS_AND_SCAN	MHI2 Research prototype contributors (project-authored source per task attribution)	GPL-3.0-or-later per destination repository; original project code	Manual source review plus pattern scans; no secrets/personal data or copied OEM implementation bodies found	SYNTAX/HELP PATH ONLY in Makefile; suite not executed (cc unavailable)	Historical target-facing mutation script; included for review, not auto-run; no vehicle execution.
probe/endpoint-observer/mhi2_iap_endpoint_observer.c	14fd533a67e3c0f54d553a2bb4f092c4b7ae04a7	3be9339cb8524900e1c93b3f211c7bcea2e19ccf	6949	9234b2b45ba693670ac0528f34c0de4a26a8a37994de0e44e45de124d4f066d0	PROJECT_SOURCE_REVIEW	POTENTIAL_SOURCE_AFTER_RIGHTS_AND_SCAN	MHI2 Research prototype contributors (project-authored source per task attribution)	GPL-3.0-or-later per destination repository; original project code	Manual source review plus pattern scans; no secrets/personal data or copied OEM implementation bodies found	OFFLINE_SOURCE; no publication-run result available	Included source; project-authored attribution per source task; no direct third-party implementation body identified.
probe/Makefile	14fd533a67e3c0f54d553a2bb4f092c4b7ae04a7	5dbff984893900ca1f8512b386c5c6becc0b7d2e	5876	5e09df582e4cc7d3ba184e106627e785afc519c933f980744683322e2888657e	PROJECT_SOURCE_REVIEW	POTENTIAL_SOURCE_AFTER_RIGHTS_AND_SCAN	MHI2 Research prototype contributors (project-authored source per task attribution)	GPL-3.0-or-later per destination repository; original project code	Manual source review plus pattern scans; no secrets/personal data or copied OEM implementation bodies found	OFFLINE_SOURCE; no publication-run result available	Included source; project-authored attribution per source task; no direct third-party implementation body identified.
probe/rfcomm-provider/mhi2_rfcomm_provider_events.inc	14fd533a67e3c0f54d553a2bb4f092c4b7ae04a7	787d6a5412ad5d0f838d27cfb63a7c6b94f1ea5d	7041	fd65824b0811ede542f544c746cdac07be2f7bc228021b174613dfe9675a5db3	TARGET_ABI_DERIVED_REVIEW	POTENTIAL_SOURCE_AFTER_RIGHTS_AND_SCAN	MHI2 Research prototype contributors (project-authored source per task attribution)	GPL-3.0-or-later per destination repository; original project code	Manual source review plus pattern scans; no secrets/personal data or copied OEM implementation bodies found	OFFLINE_SOURCE; no publication-run result available	Included source; project-authored attribution per source task; no direct third-party implementation body identified.
probe/rfcomm-provider/mhi2_rfcomm_provider_lifecycle.inc	14fd533a67e3c0f54d553a2bb4f092c4b7ae04a7	48a1fece1a971a466865018670026ebb512aa155	6595	aa139276319f4d09cda87c93a0c47e7dcfed36969acc8adf660696427df441f9	TARGET_ABI_DERIVED_REVIEW	POTENTIAL_SOURCE_AFTER_RIGHTS_AND_SCAN	MHI2 Research prototype contributors (project-authored source per task attribution)	GPL-3.0-or-later per destination repository; original project code	Manual source review plus pattern scans; no secrets/personal data or copied OEM implementation bodies found	OFFLINE_SOURCE; no publication-run result available	Included source; project-authored attribution per source task; no direct third-party implementation body identified.
probe/rfcomm-provider/mhi2_rfcomm_provider_prelude.inc	14fd533a67e3c0f54d553a2bb4f092c4b7ae04a7	5faca6afb12b53896cf1c433b5d76253026fd874	6771	891b9478ea886de6fd1e41c263ff4cf9fc749aca538afe5b201033b90764157f	TARGET_ABI_DERIVED_REVIEW	POTENTIAL_SOURCE_AFTER_RIGHTS_AND_SCAN	MHI2 Research prototype contributors (project-authored source per task attribution)	GPL-3.0-or-later per destination repository; original project code	Manual source review plus pattern scans; no secrets/personal data or copied OEM implementation bodies found	OFFLINE_SOURCE; no publication-run result available	Included source; project-authored attribution per source task; no direct third-party implementation body identified.
probe/rfcomm-provider/mhi2_rfcomm_provider_qnx.inc	14fd533a67e3c0f54d553a2bb4f092c4b7ae04a7	e73bd66b4449a10fb2cb6e3d2027415b503301ec	10450	e6b907edabbd3ae2003d69705168d77c406eb0638664019347efa2ca7b4c3294	TARGET_ABI_DERIVED_REVIEW	POTENTIAL_SOURCE_AFTER_RIGHTS_AND_SCAN	MHI2 Research prototype contributors (project-authored source per task attribution)	GPL-3.0-or-later per destination repository; original project code	Manual source review plus pattern scans; no secrets/personal data or copied OEM implementation bodies found	OFFLINE_SOURCE; no publication-run result available	Included source; project-authored attribution per source task; no direct third-party implementation body identified.
probe/rfcomm-provider/mhi2_rfcomm_provider_setup.inc	14fd533a67e3c0f54d553a2bb4f092c4b7ae04a7	a9d90d57ac994e5aa30c049393f83baf46976460	5005	86652b8fc69916f9dc1ec11393576fa9efa4e0cc3946823038b9ed2443741958	TARGET_ABI_DERIVED_REVIEW	POTENTIAL_SOURCE_AFTER_RIGHTS_AND_SCAN	MHI2 Research prototype contributors (project-authored source per task attribution)	GPL-3.0-or-later per destination repository; original project code	Manual source review plus pattern scans; no secrets/personal data or copied OEM implementation bodies found	OFFLINE_SOURCE; no publication-run result available	Included source; project-authored attribution per source task; no direct third-party implementation body identified.
probe/rfcomm-provider/mhi2_rfcomm_provider_streams.inc	14fd533a67e3c0f54d553a2bb4f092c4b7ae04a7	24b6ef4d5628c4e36fe7a4c200c1fa0a9be41cc1	6607	6e74bcbcda3610e572189dcca9bea80cd1a7634ae4e8ba3bb664479ecadb402e	TARGET_ABI_DERIVED_REVIEW	POTENTIAL_SOURCE_AFTER_RIGHTS_AND_SCAN	MHI2 Research prototype contributors (project-authored source per task attribution)	GPL-3.0-or-later per destination repository; original project code	Manual source review plus pattern scans; no secrets/personal data or copied OEM implementation bodies found	OFFLINE_SOURCE; no publication-run result available	Included source; project-authored attribution per source task; no direct third-party implementation body identified.
probe/rfcomm-provider/mhi2_rfcomm_provider.c	14fd533a67e3c0f54d553a2bb4f092c4b7ae04a7	a40faf1dcc45bed6f65f1b33453c440c492eec41	335	113b17cffe4bb591d559ea9fba68558e80df997b74c92e319bd4db9e5e8c06d1	TARGET_ABI_DERIVED_REVIEW	POTENTIAL_SOURCE_AFTER_RIGHTS_AND_SCAN	MHI2 Research prototype contributors (project-authored source per task attribution)	GPL-3.0-or-later per destination repository; original project code	Manual source review plus pattern scans; no secrets/personal data or copied OEM implementation bodies found	OFFLINE_SOURCE; no publication-run result available	Included source; project-authored attribution per source task; no direct third-party implementation body identified.
probe/rfcomm-provider/mhi2_rfcomm_provider.h	14fd533a67e3c0f54d553a2bb4f092c4b7ae04a7	0f0d1e9719be1a9d3ad69f4075482bc6d848d114	2499	d8d59ff5888c865ef820087b50f75b8f476a8b76528ba2cc4c4e06cc74276c73	TARGET_ABI_DERIVED_REVIEW	POTENTIAL_SOURCE_AFTER_RIGHTS_AND_SCAN	MHI2 Research prototype contributors (project-authored source per task attribution)	GPL-3.0-or-later per destination repository; original project code	Manual source review plus pattern scans; no secrets/personal data or copied OEM implementation bodies found	OFFLINE_SOURCE; no publication-run result available	Included source; project-authored attribution per source task; no direct third-party implementation body identified.
probe/runtime-iap2-config/mhi2_wcp_iap2_runtime_config.c	14fd533a67e3c0f54d553a2bb4f092c4b7ae04a7	171ad0b53b501fe8e374c5d3439f845b57a53401	10047	bd0776b55c88a124766b24c51e47c89f6e5384446d3f4c558e94e8269e66191a	NETWORK_SECRET_INPUT_RISK	POTENTIAL_SOURCE_AFTER_RIGHTS_AND_SCAN	MHI2 Research prototype contributors (project-authored source per task attribution)	GPL-3.0-or-later per destination repository; original project code	Manual source review plus pattern scans; no secrets/personal data or copied OEM implementation bodies found	OFFLINE_SOURCE; no publication-run result available	Included source; project-authored attribution per source task; no direct third-party implementation body identified.
probe/runtime-launcher/mhi2_wcp_mm_ipod_launch.sh	14fd533a67e3c0f54d553a2bb4f092c4b7ae04a7	1d64ef89287a8642166e1916b18786c857278118	8040	800006d9e9b2f8577635a2e0f6fd4bc591ebe0ba246995b4384a5f1c6f9984a4	RUNTIME_MUTATION_HIGH_RISK	POTENTIAL_SOURCE_AFTER_RIGHTS_AND_SCAN	MHI2 Research prototype contributors (project-authored source per task attribution)	GPL-3.0-or-later per destination repository; original project code	Manual source review plus pattern scans; no secrets/personal data or copied OEM implementation bodies found	SYNTAX/HELP PATH ONLY in Makefile; suite not executed (cc unavailable)	Historical target-facing mutation script; included for review, not auto-run; no vehicle execution.
probe/runtime-launcher/mhi2_wcp_mm_ipod_stop.sh	14fd533a67e3c0f54d553a2bb4f092c4b7ae04a7	68444e1a86f34d9a6bf1ed65a1e78ec5e84b07e4	4171	ee821820459725a8e8af634134bb26720e46b2dec12e6806d749630265089c6f	RUNTIME_MUTATION_HIGH_RISK	POTENTIAL_SOURCE_AFTER_RIGHTS_AND_SCAN	MHI2 Research prototype contributors (project-authored source per task attribution)	GPL-3.0-or-later per destination repository; original project code	Manual source review plus pattern scans; no secrets/personal data or copied OEM implementation bodies found	SYNTAX/HELP PATH ONLY in Makefile; suite not executed (cc unavailable)	Historical target-facing mutation script; included for review, not auto-run; no vehicle execution.
probe/servicegraph-adapter/mhi2_iap_servicegraph_adapter.c	14fd533a67e3c0f54d553a2bb4f092c4b7ae04a7	087370439cb7aaee752c65728ba0eb26cb3f1208	8039	54bdf14957f3946ea5ae7ee7307c98a9316303a2cd58e4cfce5031b40866d74e	PROJECT_SOURCE_REVIEW	POTENTIAL_SOURCE_AFTER_RIGHTS_AND_SCAN	MHI2 Research prototype contributors (project-authored source per task attribution)	GPL-3.0-or-later per destination repository; original project code	Manual source review plus pattern scans; no secrets/personal data or copied OEM implementation bodies found	OFFLINE_SOURCE; no publication-run result available	Included source; project-authored attribution per source task; no direct third-party implementation body identified.
probe/servicegraph-adapter/mhi2_iap_servicegraph_adapter.h	14fd533a67e3c0f54d553a2bb4f092c4b7ae04a7	67a17498e7568939d5543526a9cea4bbaa31ace6	2206	41a26765786c92480b92454cf3b3b45e67b7105ab903aba30a9632045a9096ab	PROJECT_SOURCE_REVIEW	POTENTIAL_SOURCE_AFTER_RIGHTS_AND_SCAN	MHI2 Research prototype contributors (project-authored source per task attribution)	GPL-3.0-or-later per destination repository; original project code	Manual source review plus pattern scans; no secrets/personal data or copied OEM implementation bodies found	OFFLINE_SOURCE; no publication-run result available	Included source; project-authored attribution per source task; no direct third-party implementation body identified.
probe/src/mhi2_mfi_airplay.c	14fd533a67e3c0f54d553a2bb4f092c4b7ae04a7	70892de5583e00c9cc89a59e4052ba8b197c95f3	4422	36f98929f738413cd3a862d5e6d4b281f273a827ece20c72773be61d4a375aa7	MFI_REFERENCE_REVIEW	INTERNAL_ONLY_REVIEW	MHI2 Research prototype contributors (project-authored source per task attribution)	GPL-3.0-or-later per destination repository; original project code	Manual source review plus pattern scans; no secrets/personal data or copied OEM implementation bodies found	STATIC dynamic adapter; no target library/vehicle validation	Project-authored dynamic adapter around stock API; stock binary and certification material not included.
probe/src/mhi2_mfi_airplay.h	14fd533a67e3c0f54d553a2bb4f092c4b7ae04a7	15cce2892b0cac2e117a1cccbfe7baf4a088ef30	1380	532ce3bb464200ab0192333b4078078488aa112dd0a95b255f670cf35eb6905f	MFI_REFERENCE_REVIEW	INTERNAL_ONLY_REVIEW	MHI2 Research prototype contributors (project-authored source per task attribution)	GPL-3.0-or-later per destination repository; original project code	Manual source review plus pattern scans; no secrets/personal data or copied OEM implementation bodies found	STATIC dynamic adapter; no target library/vehicle validation	Project-authored dynamic adapter around stock API; stock binary and certification material not included.
probe/src/wcp_probe.c	14fd533a67e3c0f54d553a2bb4f092c4b7ae04a7	0a4da803a767e79e13a75bd5166c5c15957f0338	17193	fc34d2f9428d09d3169d7a408883d5828e008a467b702953d27c10493d98ed75	PROJECT_SOURCE_REVIEW	POTENTIAL_SOURCE_AFTER_RIGHTS_AND_SCAN	MHI2 Research prototype contributors (project-authored source per task attribution)	GPL-3.0-or-later per destination repository; original project code	Manual source review plus pattern scans; no secrets/personal data or copied OEM implementation bodies found	OFFLINE_SOURCE; no publication-run result available	Included source; project-authored attribution per source task; no direct third-party implementation body identified.
probe/src/wcp_probe.h	14fd533a67e3c0f54d553a2bb4f092c4b7ae04a7	485a1243a62eddaa3e0c31ffa69a0e92520d291c	4282	acac9c1e39f9694fa71080f2161f819115fef3e8aee595cb46f772d314017529	PROJECT_SOURCE_REVIEW	POTENTIAL_SOURCE_AFTER_RIGHTS_AND_SCAN	MHI2 Research prototype contributors (project-authored source per task attribution)	GPL-3.0-or-later per destination repository; original project code	Manual source review plus pattern scans; no secrets/personal data or copied OEM implementation bodies found	OFFLINE_SOURCE; no publication-run result available	Included source; project-authored attribution per source task; no direct third-party implementation body identified.
probe/tests/test_b0_state.c	14fd533a67e3c0f54d553a2bb4f092c4b7ae04a7	b0e21745ee9cbff9889b3337647c95cdda8679a1	834	0c40bc08e9ff6177670da363d59b947ac38f42098befd0f8ef76ba36b4636580	SYNTHETIC_OR_HOST_TEST	POTENTIAL_SOURCE_AFTER_RIGHTS_AND_SCAN	MHI2 Research prototype contributors (project-authored source per task attribution)	GPL-3.0-or-later per destination repository; original project code	Manual source review plus pattern scans; no secrets/personal data or copied OEM implementation bodies found	HOST/MOCK TEST SOURCE; not executed in publication environment (cc unavailable)	Included source; project-authored attribution per source task; no direct third-party implementation body identified.
probe/tests/test_btstack_cycle_signal.sh	14fd533a67e3c0f54d553a2bb4f092c4b7ae04a7	b339e285d4956ab63c4df33045032f6213a8a3ee	729	3f4e1f0ef2a739353b38d9d814149ece7befd1b3ae33d9ce1bf1d0fde9625fdf	SYNTHETIC_OR_HOST_TEST	POTENTIAL_SOURCE_AFTER_RIGHTS_AND_SCAN	MHI2 Research prototype contributors (project-authored source per task attribution)	GPL-3.0-or-later per destination repository; original project code	Manual source review plus pattern scans; no secrets/personal data or copied OEM implementation bodies found	HOST/MOCK TEST SOURCE; not executed in publication environment (cc unavailable)	Included source; project-authored attribution per source task; no direct third-party implementation body identified.
probe/tests/test_control_shell.py	14fd533a67e3c0f54d553a2bb4f092c4b7ae04a7	0b8ff66777b4ffa4d988fefd48b9045c4a628ad2	14997	33386e186a5175bf61699cd3dd4efc5409cf24e09546a4391bd9dbc9516e813b	SYNTHETIC_OR_HOST_TEST	POTENTIAL_SOURCE_AFTER_RIGHTS_AND_SCAN	MHI2 Research prototype contributors (project-authored source per task attribution)	GPL-3.0-or-later per destination repository; original project code	Manual source review plus pattern scans; no secrets/personal data or copied OEM implementation bodies found	HOST/MOCK TEST SOURCE; not executed in publication environment (cc unavailable)	Included source; project-authored attribution per source task; no direct third-party implementation body identified.
probe/tests/test_iap2_runtime_config.sh	14fd533a67e3c0f54d553a2bb4f092c4b7ae04a7	5eca55eb65730960ac20849772535eba042bd297	1557	3ce51b0de30f138a696dc1fa40c8d176acdf792ba011b38eec05d8ae1e4a1515	SYNTHETIC_OR_HOST_TEST	POTENTIAL_SOURCE_AFTER_RIGHTS_AND_SCAN	MHI2 Research prototype contributors (project-authored source per task attribution)	GPL-3.0-or-later per destination repository; original project code	Manual source review plus pattern scans; no secrets/personal data or copied OEM implementation bodies found	HOST/MOCK TEST SOURCE; not executed in publication environment (cc unavailable)	Included source; project-authored attribution per source task; no direct third-party implementation body identified.
probe/tests/test_qnx_dispatch.c	14fd533a67e3c0f54d553a2bb4f092c4b7ae04a7	f5d2f5cab20afbe7ecf809d63b8620f10fa00ddf	2554	378578cba94a868cf4fdafa3e6ebf8616e45e1ab7269c4108caeb72954d501d9	SYNTHETIC_OR_HOST_TEST	POTENTIAL_SOURCE_AFTER_RIGHTS_AND_SCAN	MHI2 Research prototype contributors (project-authored source per task attribution)	GPL-3.0-or-later per destination repository; original project code	Manual source review plus pattern scans; no secrets/personal data or copied OEM implementation bodies found	HOST/MOCK TEST SOURCE; not executed in publication environment (cc unavailable)	Included source; project-authored attribution per source task; no direct third-party implementation body identified.
probe/tests/test_qnx_notify.c	14fd533a67e3c0f54d553a2bb4f092c4b7ae04a7	b70d3d3f05edc2c0f2da2ea1ff2f49b4075dad1a	3574	43afa7e06bbd8a624e5b5ca95730f6bb499b4d69816de9127e9287b0d0c9503a	SYNTHETIC_OR_HOST_TEST	POTENTIAL_SOURCE_AFTER_RIGHTS_AND_SCAN	MHI2 Research prototype contributors (project-authored source per task attribution)	GPL-3.0-or-later per destination repository; original project code	Manual source review plus pattern scans; no secrets/personal data or copied OEM implementation bodies found	HOST/MOCK TEST SOURCE; not executed in publication environment (cc unavailable)	Included source; project-authored attribution per source task; no direct third-party implementation body identified.
probe/tests/test_qnx_write_length.c	14fd533a67e3c0f54d553a2bb4f092c4b7ae04a7	37ea4b8dbe8815348883d975f72ca593e026cc86	2358	bda762d790b79bff2a78cc485bc878648c04454791f152df90abb39bbf66391f	SYNTHETIC_OR_HOST_TEST	POTENTIAL_SOURCE_AFTER_RIGHTS_AND_SCAN	MHI2 Research prototype contributors (project-authored source per task attribution)	GPL-3.0-or-later per destination repository; original project code	Manual source review plus pattern scans; no secrets/personal data or copied OEM implementation bodies found	HOST/MOCK TEST SOURCE; not executed in publication environment (cc unavailable)	Included source; project-authored attribution per source task; no direct third-party implementation body identified.
probe/tests/test_rfcomm_provider.c	14fd533a67e3c0f54d553a2bb4f092c4b7ae04a7	6c194305213eff8bbad65edb01de2103fa391662	4173	4d757898eebe295440c08d6330a7841c900727e99b010b15afe0f0010237939b	SYNTHETIC_OR_HOST_TEST	POTENTIAL_SOURCE_AFTER_RIGHTS_AND_SCAN	MHI2 Research prototype contributors (project-authored source per task attribution)	GPL-3.0-or-later per destination repository; original project code	Manual source review plus pattern scans; no secrets/personal data or copied OEM implementation bodies found	HOST/MOCK TEST SOURCE; not executed in publication environment (cc unavailable)	Included source; project-authored attribution per source task; no direct third-party implementation body identified.
probe/tests/test_servicegraph_adapter.c	14fd533a67e3c0f54d553a2bb4f092c4b7ae04a7	a8297eda994815cf53ddbdb06f1fdd1f57b11670	1630	a2a46cb20b822851fad35f24419e71b54d68ecb8d0fe6dc4d9580471a8563926	SYNTHETIC_OR_HOST_TEST	POTENTIAL_SOURCE_AFTER_RIGHTS_AND_SCAN	MHI2 Research prototype contributors (project-authored source per task attribution)	GPL-3.0-or-later per destination repository; original project code	Manual source review plus pattern scans; no secrets/personal data or copied OEM implementation bodies found	HOST/MOCK TEST SOURCE; not executed in publication environment (cc unavailable)	Included source; project-authored attribution per source task; no direct third-party implementation body identified.
probe/tests/test_wcp_probe.c	14fd533a67e3c0f54d553a2bb4f092c4b7ae04a7	100e7747a5bb036ededc9b6d298cc76d2f880d0a	7131	5871757924c93e7557b39a8793eac2bb923b35324f785ce42c9fe1541bc7e0d3	SYNTHETIC_OR_HOST_TEST	POTENTIAL_SOURCE_AFTER_RIGHTS_AND_SCAN	MHI2 Research prototype contributors (project-authored source per task attribution)	GPL-3.0-or-later per destination repository; original project code	Manual source review plus pattern scans; no secrets/personal data or copied OEM implementation bodies found	HOST/MOCK TEST SOURCE; not executed in publication environment (cc unavailable)	Included source; project-authored attribution per source task; no direct third-party implementation body identified.
probe/transport-btstream/ipod_transport_btstream.c	14fd533a67e3c0f54d553a2bb4f092c4b7ae04a7	0f12491efca1d1d1f539a389064a841e2fd682f5	7363	59f7fa05ea99cdae8039214997863b660cb8a054ba628748070c1b1e95bf4c94	STOCK_TYPE3_ABI_REVIEW	POTENTIAL_SOURCE_AFTER_RIGHTS_AND_SCAN	MHI2 Research prototype contributors (project-authored source per task attribution)	GPL-3.0-or-later per destination repository; original project code	Manual source review plus pattern scans; no secrets/personal data or copied OEM implementation bodies found	STATIC ABI fixture; no vehicle validation	Included source; project-authored attribution per source task; no direct third-party implementation body identified.
probe/transport-btstream/ipod_transport_v2.h	14fd533a67e3c0f54d553a2bb4f092c4b7ae04a7	4729018a7c3ca2b641d9042e9f7893490ae1369e	4105	c5244fbcaf0113a11cb6734d0f8b5d75db5afc97502d805afba0c01ee92f043e	STOCK_TYPE3_ABI_REVIEW	POTENTIAL_SOURCE_AFTER_RIGHTS_AND_SCAN	MHI2 Research prototype contributors (project-authored source per task attribution)	GPL-3.0-or-later per destination repository; original project code	Manual source review plus pattern scans; no secrets/personal data or copied OEM implementation bodies found	STATIC ABI fixture; no vehicle validation	Included source; project-authored attribution per source task; no direct third-party implementation body identified.
probe/vehicle-bundle/mhi2_wcp_bundle_verify.sh	14fd533a67e3c0f54d553a2bb4f092c4b7ae04a7	08a68e405a34542238bb9cabe5d6376b654eeb82	3762	f796bccb26924216c45750ba8b782f11fa504081172cae1c8de00a3db0ae8694	PROJECT_SOURCE_REVIEW	POTENTIAL_SOURCE_AFTER_RIGHTS_AND_SCAN	MHI2 Research prototype contributors (project-authored source per task attribution)	GPL-3.0-or-later per destination repository; original project code	Manual source review plus pattern scans; no secrets/personal data or copied OEM implementation bodies found	OFFLINE_SOURCE; no publication-run result available	Included source; project-authored attribution per source task; no direct third-party implementation body identified.
